Score,BNN,LC
PICP,0.08542030673655601,0.0
MPIW,0.026721048818148855,0.0
MSE_mean,0.12616114320580477,0.0
MSE_median,0.1312498887963431,0.0
