Score,BNN,LC
PICP,0.0170840613473112,0.0
MPIW,0.003192058779530982,0.0
MSE_mean,0.005731643366267898,0.0
MSE_median,0.005780896754619733,0.0
