Score,BNN,LC
PICP,0.26143328618576145,0.2531824611032532
MPIW,0.2798907902967053,0.13090116980373093
MSE_mean,0.8457070093752631,0.03136499909689083
MSE_median,0.8435764032464346,0.03144931447150347
