Score,BNN,LC
PICP,0.09765094156474471,0.0
MPIW,0.01563773843055552,0.0
MSE_mean,0.008585397624226498,0.0
MSE_median,0.006148376099894417,0.0
