Score,BNN,LC
PICP,0.5884016973125884,0.2531824611032532
MPIW,1.4436209286453563,0.13090116980373093
MSE_mean,1.2402962622914966,0.03136499909689083
MSE_median,1.3669404760307866,0.03144931447150347
