Score,BNN,LC
PICP,0.2736361871481266,0.0
MPIW,0.0837751688517502,0.0
MSE_mean,0.19761114130940335,0.0
MSE_median,0.19836256786735654,0.0
