Score,BNN,LC
PICP,0.1331918906176332,0.2531824611032532
MPIW,0.05780130478850198,0.13090116980373093
MSE_mean,0.08835850082441545,0.03136499909689083
MSE_median,0.088630228421274,0.03144931447150347
