Score,BNN,LC
PICP,0.5838672102504369,0.0
MPIW,0.7482627363872199,0.0
MSE_mean,0.33118100330131645,0.0
MSE_median,0.3330497245515165,0.0
