Score,BNN,LC
PICP,0.02428099952852428,0.2531824611032532
MPIW,0.013144243074708148,0.13090116980373093
MSE_mean,0.24867946649369507,0.03136499909689083
MSE_median,0.22676697318501635,0.03144931447150347
