Score,BNN,LC
PICP,0.20108439415370108,0.2531824611032532
MPIW,0.12738088838243758,0.13090116980373093
MSE_mean,0.08504340668026102,0.03136499909689083
MSE_median,0.05892778606267227,0.03144931447150347
