Score,BNN,LC
PICP,0.09735973597359736,0.0
MPIW,0.023422437427412623,0.0
MSE_mean,0.2504618504845104,0.0
MSE_median,0.25145478140805044,0.0
