Score,BNN,LC
PICP,0.3722300801508722,0.2531824611032532
MPIW,0.27656023423853504,0.13090116980373093
MSE_mean,0.33680296389965375,0.03136499909689083
MSE_median,0.3560918217154481,0.03144931447150347
