Score,BNN,LC
PICP,0.0091244418559503,0.0
MPIW,0.0020701955682983584,0.0
MSE_mean,0.007770009961087174,0.0
MSE_median,0.00773703215727172,0.0
