Score,BNN,LC
PICP,0.04856199905704856,0.2531824611032532
MPIW,0.055644468275091265,0.13090116980373093
MSE_mean,0.4302977382601888,0.03136499909689083
MSE_median,0.42664035825916713,0.03144931447150347
