Score,BNN,LC
PICP,0.006129184347006129,0.2531824611032532
MPIW,0.006898060616174906,0.13090116980373093
MSE_mean,0.1374689630404857,0.03136499909689083
MSE_median,0.13896034545621525,0.03144931447150347
