Score,BNN,LC
PICP,0.47291788002329643,0.0
MPIW,0.26800981393121387,0.0
MSE_mean,0.010543325525744326,0.0
MSE_median,0.006717818598125073,0.0
