Score,BNN,LC
PICP,0.6317219957289847,0.0
MPIW,0.23428891944201988,0.0
MSE_mean,0.19322127361945993,0.0
MSE_median,0.1969390739811592,0.0
