Score,BNN,LC
PICP,0.039132484677039135,0.2531824611032532
MPIW,0.0332544728870416,0.13090116980373093
MSE_mean,0.22416643540756498,0.03136499909689083
MSE_median,0.22652483790307593,0.03144931447150347
