Score,BNN,LC
PICP,0.11036691904484566,0.0
MPIW,0.04637650850374996,0.0
MSE_mean,0.5590975688612854,0.0
MSE_median,0.5500849660940945,0.0
