Score,BNN,LC
PICP,0.644035832154644,0.2531824611032532
MPIW,1.6624668677306762,0.13090116980373093
MSE_mean,0.050752939371798075,0.03136499909689083
MSE_median,0.046300108087411945,0.03144931447150347
