Score,BNN,LC
PICP,0.14502038439138032,0.0
MPIW,0.04821905426863946,0.0
MSE_mean,0.04265399561597937,0.0
MSE_median,0.042625654650645,0.0
