Score,BNN,LC
PICP,0.05068363979255068,0.2531824611032532
MPIW,0.07246390118025184,0.13090116980373093
MSE_mean,2.2594946854387365,0.03136499909689083
MSE_median,2.2708522375044016,0.03144931447150347
