Score,BNN,LC
PICP,0.8788307402168788,0.2531824611032532
MPIW,0.78796726059872,0.13090116980373093
MSE_mean,0.18891323124002282,0.03136499909689083
MSE_median,0.18642142312517945,0.03144931447150347
