Score,BNN,LC
PICP,0.9137199434229137,0.2531824611032532
MPIW,0.82584652598089,0.13090116980373093
MSE_mean,0.16072624413276046,0.03136499909689083
MSE_median,0.16128942946324681,0.03144931447150347
