Score,BNN,LC
PICP,0.7050087361677344,0.0
MPIW,0.2704265178696362,0.0
MSE_mean,0.10694681858616018,0.0
MSE_median,0.11711888976166684,0.0
