Score,BNN,LC
PICP,0.6848184818481848,0.2531824611032532
MPIW,1.4943820426084489,0.13090116980373093
MSE_mean,0.7528356051032392,0.03136499909689083
MSE_median,0.5409171677503096,0.03144931447150347
