Score,BNN,LC
PICP,0.8606095903708018,0.0
MPIW,0.42848910772082793,0.0
MSE_mean,0.09091707115895369,0.0
MSE_median,0.08902711386144135,0.0
