Score,BNN,LC
PICP,0.8058629392351,0.0
MPIW,0.36347516371643784,0.0
MSE_mean,0.09115743490511398,0.0
MSE_median,0.08584446517189406,0.0
